<Page xmlns="http://schemas.nativescript.org/tns.xsd" navigatingTo="navigatingTo" class="bg-red-50">
    <ActionBar title="Tarif Asistanı" class="bg-red-600 text-white" flat="true" />
    
    <ScrollView>
        <StackLayout class="p-4">
            <GridLayout rows="auto" columns="*, auto" class="mb-4">
                <TextField col="0"
                    text="{{ searchText }}"
                    hint="Malzeme veya yemek adı girin"
                    class="p-4 bg-white rounded-l-lg border-red-300 border" />
                <Button col="1"
                    text="Ara"
                    tap="{{ searchRecipe }}"
                    class="bg-red-600 text-white rounded-r-lg p-4" />
            </GridLayout>

            <ActivityIndicator busy="{{ isLoading }}" 
                             visibility="{{ isLoading ? 'visible' : 'collapsed' }}"
                             class="my-4" />

            <StackLayout visibility="{{ recipe ? 'visible' : 'collapsed' }}"
                        class="bg-white p-4 rounded-lg shadow">
                <Label text="{{ recipe }}"
                       textWrap="true"
                       class="text-base leading-relaxed" />
            </StackLayout>
        </StackLayout>
    </ScrollView>
</Page>